"RelativePath","Name","Size(KB)","Extension"
"C:\Users\vahin\Documents\APP_VAHINI\.flutter-plugins",".flutter-plugins","3.68",".flutter-plugins"
"C:\Users\vahin\Documents\APP_VAHINI\.flutter-plugins-dependencies",".flutter-plugins-dependencies","15.59",".flutter-plugins-dependencies"
"C:\Users\vahin\Documents\APP_VAHINI\.gitignore",".gitignore","0.74",".gitignore"
"C:\Users\vahin\Documents\APP_VAHINI\.metadata",".metadata","1.67",".metadata"
"C:\Users\vahin\Documents\APP_VAHINI\analysis_options.yaml","analysis_options.yaml","1.41",".yaml"
"C:\Users\vahin\Documents\APP_VAHINI\project_files.csv","project_files.csv","0",".csv"
"C:\Users\vahin\Documents\APP_VAHINI\pubspec.lock","pubspec.lock","26.4",".lock"
"C:\Users\vahin\Documents\APP_VAHINI\pubspec.yaml","pubspec.yaml","4.32",".yaml"
"C:\Users\vahin\Documents\APP_VAHINI\README.md","README.md","8.26",".md"
"C:\Users\vahin\Documents\APP_VAHINI\study_voice_ai.iml","study_voice_ai.iml","0.84",".iml"
"C:\Users\vahin\Documents\APP_VAHINI\.idea\modules.xml","modules.xml","0.41",".xml"
"C:\Users\vahin\Documents\APP_VAHINI\.idea\workspace.xml","workspace.xml","1.52",".xml"
"C:\Users\vahin\Documents\APP_VAHINI\.idea\libraries\Dart_SDK.xml","Dart_SDK.xml","0.9",".xml"
"C:\Users\vahin\Documents\APP_VAHINI\.idea\libraries\KotlinJavaRuntime.xml","KotlinJavaRuntime.xml","0.6",".xml"
"C:\Users\vahin\Documents\APP_VAHINI\.idea\runConfigurations\main_dart.xml","main_dart.xml","0.27",".xml"
"C:\Users\vahin\Documents\APP_VAHINI\android\.gitignore",".gitignore","0.26",".gitignore"
"C:\Users\vahin\Documents\APP_VAHINI\android\build.gradle.kts","build.gradle.kts","0.86",".kts"
"C:\Users\vahin\Documents\APP_VAHINI\android\gradle.properties","gradle.properties","0.17",".properties"
"C:\Users\vahin\Documents\APP_VAHINI\android\gradlew","gradlew","4.85",""
"C:\Users\vahin\Documents\APP_VAHINI\android\gradlew.bat","gradlew.bat","2.35",".bat"
"C:\Users\vahin\Documents\APP_VAHINI\android\local.properties","local.properties","0.15",".properties"
"C:\Users\vahin\Documents\APP_VAHINI\android\settings.gradle.kts","settings.gradle.kts","0.81",".kts"
"C:\Users\vahin\Documents\APP_VAHINI\android\study_voice_ai_android.iml","study_voice_ai_android.iml","1.59",".iml"
"C:\Users\vahin\Documents\APP_VAHINI\android\.gradle\file-system.probe","file-system.probe","0.01",".probe"
"C:\Users\vahin\Documents\APP_VAHINI\android\.gradle\8.10.2\gc.properties","gc.properties","0",".properties"
"C:\Users\vahin\Documents\APP_VAHINI\android\.gradle\8.10.2\checksums\checksums.lock","checksums.lock","0.02",".lock"
"C:\Users\vahin\Documents\APP_VAHINI\android\.gradle\8.10.2\checksums\md5-checksums.bin","md5-checksums.bin","41.16",".bin"
"C:\Users\vahin\Documents\APP_VAHINI\android\.gradle\8.10.2\checksums\sha1-checksums.bin","sha1-checksums.bin","124.36",".bin"
"C:\Users\vahin\Documents\APP_VAHINI\android\.gradle\8.10.2\dependencies-accessors\gc.properties","gc.properties","0",".properties"
"C:\Users\vahin\Documents\APP_VAHINI\android\.gradle\8.10.2\executionHistory\executionHistory.bin","executionHistory.bin","17409.29",".bin"
"C:\Users\vahin\Documents\APP_VAHINI\android\.gradle\8.10.2\executionHistory\executionHistory.lock","executionHistory.lock","0.02",".lock"
"C:\Users\vahin\Documents\APP_VAHINI\android\.gradle\8.10.2\fileChanges\last-build.bin","last-build.bin","0",".bin"
"C:\Users\vahin\Documents\APP_VAHINI\android\.gradle\8.10.2\fileHashes\fileHashes.bin","fileHashes.bin","1312.4",".bin"
"C:\Users\vahin\Documents\APP_VAHINI\android\.gradle\8.10.2\fileHashes\fileHashes.lock","fileHashes.lock","0.02",".lock"
"C:\Users\vahin\Documents\APP_VAHINI\android\.gradle\8.10.2\fileHashes\resourceHashesCache.bin","resourceHashesCache.bin","32.04",".bin"
"C:\Users\vahin\Documents\APP_VAHINI\android\.gradle\buildOutputCleanup\buildOutputCleanup.lock","buildOutputCleanup.lock","0.02",".lock"
"C:\Users\vahin\Documents\APP_VAHINI\android\.gradle\buildOutputCleanup\cache.properties","cache.properties","0.05",".properties"
"C:\Users\vahin\Documents\APP_VAHINI\android\.gradle\buildOutputCleanup\outputFiles.bin","outputFiles.bin","161.51",".bin"
"C:\Users\vahin\Documents\APP_VAHINI\android\.gradle\kotlin\errors\errors-1780124588867.log","errors-1780124588867.log","7.88",".log"
"C:\Users\vahin\Documents\APP_VAHINI\android\.gradle\noVersion\buildLogic.lock","buildLogic.lock","0.02",".lock"
"C:\Users\vahin\Documents\APP_VAHINI\android\.gradle\vcs-1\gc.properties","gc.properties","0",".properties"
"C:\Users\vahin\Documents\APP_VAHINI\android\.kotlin\errors\errors-1780124588867.log","errors-1780124588867.log","7.88",".log"
"C:\Users\vahin\Documents\APP_VAHINI\android\app\build.gradle.kts","build.gradle.kts","1.39",".kts"
"C:\Users\vahin\Documents\APP_VAHINI\android\app\google-services.json","google-services.json","0.66",".json"
"C:\Users\vahin\Documents\APP_VAHINI\android\app\.cxx\RelWithDebInfo\1a395u1t\hash_key.txt","hash_key.txt","1.2",".txt"
"C:\Users\vahin\Documents\APP_VAHINI\android\app\.cxx\RelWithDebInfo\1a395u1t\arm64-v8a\additional_project_files.txt","additional_project_files.txt","0",".txt"
"C:\Users\vahin\Documents\APP_VAHINI\android\app\.cxx\RelWithDebInfo\1a395u1t\arm64-v8a\android_gradle_build.json","android_gradle_build.json","1.07",".json"
"C:\Users\vahin\Documents\APP_VAHINI\android\app\.cxx\RelWithDebInfo\1a395u1t\arm64-v8a\android_gradle_build_mini.json","android_gradle_build_mini.json","0.66",".json"
"C:\Users\vahin\Documents\APP_VAHINI\android\app\.cxx\RelWithDebInfo\1a395u1t\arm64-v8a\build.ninja","build.ninja","26.75",".ninja"
"C:\Users\vahin\Documents\APP_VAHINI\android\app\.cxx\RelWithDebInfo\1a395u1t\arm64-v8a\build_file_index.txt","build_file_index.txt","0.07",".txt"
"C:\Users\vahin\Documents\APP_VAHINI\android\app\.cxx\RelWithDebInfo\1a395u1t\arm64-v8a\CMakeCache.txt","CMakeCache.txt","17.04",".txt"
"C:\Users\vahin\Documents\APP_VAHINI\android\app\.cxx\RelWithDebInfo\1a395u1t\arm64-v8a\cmake_install.cmake","cmake_install.cmake","1.86",".cmake"
"C:\Users\vahin\Documents\APP_VAHINI\android\app\.cxx\RelWithDebInfo\1a395u1t\arm64-v8a\configure_fingerprint.bin","configure_fingerprint.bin","1.67",".bin"
"C:\Users\vahin\Documents\APP_VAHINI\android\app\.cxx\RelWithDebInfo\1a395u1t\arm64-v8a\metadata_generation_command.txt","metadata_generation_command.txt","1.11",".txt"
"C:\Users\vahin\Documents\APP_VAHINI\android\app\.cxx\RelWithDebInfo\1a395u1t\arm64-v8a\prefab_config.json","prefab_config.json","0.04",".json"
"C:\Users\vahin\Documents\APP_VAHINI\android\app\.cxx\RelWithDebInfo\1a395u1t\arm64-v8a\symbol_folder_index.txt","symbol_folder_index.txt","0.1",".txt"
"C:\Users\vahin\Documents\APP_VAHINI\android\app\.cxx\RelWithDebInfo\1a395u1t\arm64-v8a\.cmake\api\v1\query\client-agp\cache-v2","cache-v2","0",""
"C:\Users\vahin\Documents\APP_VAHINI\android\app\.cxx\RelWithDebInfo\1a395u1t\arm64-v8a\.cmake\api\v1\query\client-agp\cmakeFiles-v1","cmakeFiles-v1","0",""
"C:\Users\vahin\Documents\APP_VAHINI\android\app\.cxx\RelWithDebInfo\1a395u1t\arm64-v8a\.cmake\api\v1\query\client-agp\codemodel-v2","codemodel-v2","0",""
"C:\Users\vahin\Documents\APP_VAHINI\android\app\.cxx\RelWithDebInfo\1a395u1t\arm64-v8a\.cmake\api\v1\reply\cache-v2-51e83c3a43c4d6bce92b.json","cache-v2-51e83c3a43c4d6bce92b.json","28.28",".json"
"C:\Users\vahin\Documents\APP_VAHINI\android\app\.cxx\RelWithDebInfo\1a395u1t\arm64-v8a\.cmake\api\v1\reply\cmakeFiles-v1-00024c008de6218d6415.json","cmakeFiles-v1-00024c008de6218d6415.json","29.32",".json"
"C:\Users\vahin\Documents\APP_VAHINI\android\app\.cxx\RelWithDebInfo\1a395u1t\arm64-v8a\.cmake\api\v1\reply\codemodel-v2-2b5ee02d7cade2b1d93c.json","codemodel-v2-2b5ee02d7cade2b1d93c.json","0.74",".json"
"C:\Users\vahin\Documents\APP_VAHINI\android\app\.cxx\RelWithDebInfo\1a395u1t\arm64-v8a\.cmake\api\v1\reply\directory-.-RelWithDebInfo-d0094a50bb2071803777.json","directory-.-RelWithDebInfo-d0094a50bb2071803777.json","0.16",".json"
"C:\Users\vahin\Documents\APP_VAHINI\android\app\.cxx\RelWithDebInfo\1a395u1t\arm64-v8a\.cmake\api\v1\reply\index-2026-05-30T07-07-31-0792.json","index-2026-05-30T07-07-31-0792.json","1.71",".json"
"C:\Users\vahin\Documents\APP_VAHINI\android\app\.cxx\RelWithDebInfo\1a395u1t\arm64-v8a\CMakeFiles\cmake.check_cache","cmake.check_cache","0.08",".check_cache"
"C:\Users\vahin\Documents\APP_VAHINI\android\app\.cxx\RelWithDebInfo\1a395u1t\arm64-v8a\CMakeFiles\CMakeOutput.log","CMakeOutput.log","44.25",".log"
"C:\Users\vahin\Documents\APP_VAHINI\android\app\.cxx\RelWithDebInfo\1a395u1t\arm64-v8a\CMakeFiles\rules.ninja","rules.ninja","1.58",".ninja"
"C:\Users\vahin\Documents\APP_VAHINI\android\app\.cxx\RelWithDebInfo\1a395u1t\arm64-v8a\CMakeFiles\TargetDirectories.txt","TargetDirectories.txt","0.23",".txt"
"C:\Users\vahin\Documents\APP_VAHINI\android\app\.cxx\RelWithDebInfo\1a395u1t\arm64-v8a\CMakeFiles\3.22.1-g37088a8-dirty\CMakeCCompiler.cmake","CMakeCCompiler.cmake","3.72",".cmake"
"C:\Users\vahin\Documents\APP_VAHINI\android\app\.cxx\RelWithDebInfo\1a395u1t\arm64-v8a\CMakeFiles\3.22.1-g37088a8-dirty\CMakeCXXCompiler.cmake","CMakeCXXCompiler.cmake","6.69",".cmake"
"C:\Users\vahin\Documents\APP_VAHINI\android\app\.cxx\RelWithDebInfo\1a395u1t\arm64-v8a\CMakeFiles\3.22.1-g37088a8-dirty\CMakeDetermineCompilerABI_C.bin","CMakeDetermineCompilerABI_C.bin","7.82",".bin"
"C:\Users\vahin\Documents\APP_VAHINI\android\app\.cxx\RelWithDebInfo\1a395u1t\arm64-v8a\CMakeFiles\3.22.1-g37088a8-dirty\CMakeDetermineCompilerABI_CXX.bin","CMakeDetermineCompilerABI_CXX.bin","7.96",".bin"
"C:\Users\vahin\Documents\APP_VAHINI\android\app\.cxx\RelWithDebInfo\1a395u1t\arm64-v8a\CMakeFiles\3.22.1-g37088a8-dirty\CMakeSystem.cmake","CMakeSystem.cmake","0.47",".cmake"
"C:\Users\vahin\Documents\APP_VAHINI\android\app\.cxx\RelWithDebInfo\1a395u1t\arm64-v8a\CMakeFiles\3.22.1-g37088a8-dirty\CompilerIdC\CMakeCCompilerId.c","CMakeCCompilerId.c","25.05",".c"
"C:\Users\vahin\Documents\APP_VAHINI\android\app\.cxx\RelWithDebInfo\1a395u1t\arm64-v8a\CMakeFiles\3.22.1-g37088a8-dirty\CompilerIdC\CMakeCCompilerId.o","CMakeCCompilerId.o","5.87",".o"
"C:\Users\vahin\Documents\APP_VAHINI\android\app\.cxx\RelWithDebInfo\1a395u1t\arm64-v8a\CMakeFiles\3.22.1-g37088a8-dirty\CompilerIdCXX\CMakeCXXCompilerId.cpp","CMakeCXXCompilerId.cpp","24.79",".cpp"
"C:\Users\vahin\Documents\APP_VAHINI\android\app\.cxx\RelWithDebInfo\1a395u1t\arm64-v8a\CMakeFiles\3.22.1-g37088a8-dirty\CompilerIdCXX\CMakeCXXCompilerId.o","CMakeCXXCompilerId.o","5.88",".o"
"C:\Users\vahin\Documents\APP_VAHINI\android\app\.cxx\RelWithDebInfo\1a395u1t\armeabi-v7a\additional_project_files.txt","additional_project_files.txt","0",".txt"
"C:\Users\vahin\Documents\APP_VAHINI\android\app\.cxx\RelWithDebInfo\1a395u1t\armeabi-v7a\android_gradle_build.json","android_gradle_build.json","1.07",".json"
"C:\Users\vahin\Documents\APP_VAHINI\android\app\.cxx\RelWithDebInfo\1a395u1t\armeabi-v7a\android_gradle_build_mini.json","android_gradle_build_mini.json","0.66",".json"
"C:\Users\vahin\Documents\APP_VAHINI\android\app\.cxx\RelWithDebInfo\1a395u1t\armeabi-v7a\build.ninja","build.ninja","26.76",".ninja"
"C:\Users\vahin\Documents\APP_VAHINI\android\app\.cxx\RelWithDebInfo\1a395u1t\armeabi-v7a\build_file_index.txt","build_file_index.txt","0.07",".txt"
"C:\Users\vahin\Documents\APP_VAHINI\android\app\.cxx\RelWithDebInfo\1a395u1t\armeabi-v7a\CMakeCache.txt","CMakeCache.txt","17.05",".txt"
"C:\Users\vahin\Documents\APP_VAHINI\android\app\.cxx\RelWithDebInfo\1a395u1t\armeabi-v7a\cmake_install.cmake","cmake_install.cmake","1.86",".cmake"
"C:\Users\vahin\Documents\APP_VAHINI\android\app\.cxx\RelWithDebInfo\1a395u1t\armeabi-v7a\configure_fingerprint.bin","configure_fingerprint.bin","1.69",".bin"
"C:\Users\vahin\Documents\APP_VAHINI\android\app\.cxx\RelWithDebInfo\1a395u1t\armeabi-v7a\metadata_generation_command.txt","metadata_generation_command.txt","1.12",".txt"
"C:\Users\vahin\Documents\APP_VAHINI\android\app\.cxx\RelWithDebInfo\1a395u1t\armeabi-v7a\prefab_config.json","prefab_config.json","0.04",".json"
"C:\Users\vahin\Documents\APP_VAHINI\android\app\.cxx\RelWithDebInfo\1a395u1t\armeabi-v7a\symbol_folder_index.txt","symbol_folder_index.txt","0.1",".txt"
"C:\Users\vahin\Documents\APP_VAHINI\android\app\.cxx\RelWithDebInfo\1a395u1t\armeabi-v7a\.cmake\api\v1\query\client-agp\cache-v2","cache-v2","0",""
"C:\Users\vahin\Documents\APP_VAHINI\android\app\.cxx\RelWithDebInfo\1a395u1t\armeabi-v7a\.cmake\api\v1\query\client-agp\cmakeFiles-v1","cmakeFiles-v1","0",""
"C:\Users\vahin\Documents\APP_VAHINI\android\app\.cxx\RelWithDebInfo\1a395u1t\armeabi-v7a\.cmake\api\v1\query\client-agp\codemodel-v2","codemodel-v2","0",""
"C:\Users\vahin\Documents\APP_VAHINI\android\app\.cxx\RelWithDebInfo\1a395u1t\armeabi-v7a\.cmake\api\v1\reply\cache-v2-2d74bdc5501f93c9b83e.json","cache-v2-2d74bdc5501f93c9b83e.json","28.29",".json"
"C:\Users\vahin\Documents\APP_VAHINI\android\app\.cxx\RelWithDebInfo\1a395u1t\armeabi-v7a\.cmake\api\v1\reply\cmakeFiles-v1-96e2be1688a8daeb4d5f.json","cmakeFiles-v1-96e2be1688a8daeb4d5f.json","29.33",".json"
"C:\Users\vahin\Documents\APP_VAHINI\android\app\.cxx\RelWithDebInfo\1a395u1t\armeabi-v7a\.cmake\api\v1\reply\codemodel-v2-2a1efb0c237d609b4abe.json","codemodel-v2-2a1efb0c237d609b4abe.json","0.75",".json"
"C:\Users\vahin\Documents\APP_VAHINI\android\app\.cxx\RelWithDebInfo\1a395u1t\armeabi-v7a\.cmake\api\v1\reply\directory-.-RelWithDebInfo-d0094a50bb2071803777.json","directory-.-RelWithDebInfo-d0094a50bb2071803777.json","0.16",".json"
"C:\Users\vahin\Documents\APP_VAHINI\android\app\.cxx\RelWithDebInfo\1a395u1t\armeabi-v7a\.cmake\api\v1\reply\index-2026-05-30T07-07-35-0056.json","index-2026-05-30T07-07-35-0056.json","1.71",".json"
"C:\Users\vahin\Documents\APP_VAHINI\android\app\.cxx\RelWithDebInfo\1a395u1t\armeabi-v7a\CMakeFiles\cmake.check_cache","cmake.check_cache","0.08",".check_cache"
"C:\Users\vahin\Documents\APP_VAHINI\android\app\.cxx\RelWithDebInfo\1a395u1t\armeabi-v7a\CMakeFiles\CMakeOutput.log","CMakeOutput.log","47.45",".log"
"C:\Users\vahin\Documents\APP_VAHINI\android\app\.cxx\RelWithDebInfo\1a395u1t\armeabi-v7a\CMakeFiles\rules.ninja","rules.ninja","1.58",".ninja"
"C:\Users\vahin\Documents\APP_VAHINI\android\app\.cxx\RelWithDebInfo\1a395u1t\armeabi-v7a\CMakeFiles\TargetDirectories.txt","TargetDirectories.txt","0.23",".txt"
"C:\Users\vahin\Documents\APP_VAHINI\android\app\.cxx\RelWithDebInfo\1a395u1t\armeabi-v7a\CMakeFiles\3.22.1-g37088a8-dirty\CMakeCCompiler.cmake","CMakeCCompiler.cmake","3.71",".cmake"
"C:\Users\vahin\Documents\APP_VAHINI\android\app\.cxx\RelWithDebInfo\1a395u1t\armeabi-v7a\CMakeFiles\3.22.1-g37088a8-dirty\CMakeCXXCompiler.cmake","CMakeCXXCompiler.cmake","6.69",".cmake"
"C:\Users\vahin\Documents\APP_VAHINI\android\app\.cxx\RelWithDebInfo\1a395u1t\armeabi-v7a\CMakeFiles\3.22.1-g37088a8-dirty\CMakeDetermineCompilerABI_C.bin","CMakeDetermineCompilerABI_C.bin","5.97",".bin"
"C:\Users\vahin\Documents\APP_VAHINI\android\app\.cxx\RelWithDebInfo\1a395u1t\armeabi-v7a\CMakeFiles\3.22.1-g37088a8-dirty\CMakeDetermineCompilerABI_CXX.bin","CMakeDetermineCompilerABI_CXX.bin","6.1",".bin"
"C:\Users\vahin\Documents\APP_VAHINI\android\app\.cxx\RelWithDebInfo\1a395u1t\armeabi-v7a\CMakeFiles\3.22.1-g37088a8-dirty\CMakeSystem.cmake","CMakeSystem.cmake","0.47",".cmake"
"C:\Users\vahin\Documents\APP_VAHINI\android\app\.cxx\RelWithDebInfo\1a395u1t\armeabi-v7a\CMakeFiles\3.22.1-g37088a8-dirty\CompilerIdC\CMakeCCompilerId.c","CMakeCCompilerId.c","25.05",".c"
"C:\Users\vahin\Documents\APP_VAHINI\android\app\.cxx\RelWithDebInfo\1a395u1t\armeabi-v7a\CMakeFiles\3.22.1-g37088a8-dirty\CompilerIdC\CMakeCCompilerId.o","CMakeCCompilerId.o","4",".o"
"C:\Users\vahin\Documents\APP_VAHINI\android\app\.cxx\RelWithDebInfo\1a395u1t\armeabi-v7a\CMakeFiles\3.22.1-g37088a8-dirty\CompilerIdCXX\CMakeCXXCompilerId.cpp","CMakeCXXCompilerId.cpp","24.79",".cpp"
"C:\Users\vahin\Documents\APP_VAHINI\android\app\.cxx\RelWithDebInfo\1a395u1t\armeabi-v7a\CMakeFiles\3.22.1-g37088a8-dirty\CompilerIdCXX\CMakeCXXCompilerId.o","CMakeCXXCompilerId.o","4.04",".o"
"C:\Users\vahin\Documents\APP_VAHINI\android\app\.cxx\RelWithDebInfo\1a395u1t\x86\additional_project_files.txt","additional_project_files.txt","0",".txt"
"C:\Users\vahin\Documents\APP_VAHINI\android\app\.cxx\RelWithDebInfo\1a395u1t\x86\android_gradle_build.json","android_gradle_build.json","1.05",".json"
"C:\Users\vahin\Documents\APP_VAHINI\android\app\.cxx\RelWithDebInfo\1a395u1t\x86\android_gradle_build_mini.json","android_gradle_build_mini.json","0.64",".json"
"C:\Users\vahin\Documents\APP_VAHINI\android\app\.cxx\RelWithDebInfo\1a395u1t\x86\build.ninja","build.ninja","26.72",".ninja"
"C:\Users\vahin\Documents\APP_VAHINI\android\app\.cxx\RelWithDebInfo\1a395u1t\x86\build_file_index.txt","build_file_index.txt","0.07",".txt"
"C:\Users\vahin\Documents\APP_VAHINI\android\app\.cxx\RelWithDebInfo\1a395u1t\x86\CMakeCache.txt","CMakeCache.txt","17",".txt"
"C:\Users\vahin\Documents\APP_VAHINI\android\app\.cxx\RelWithDebInfo\1a395u1t\x86\cmake_install.cmake","cmake_install.cmake","1.85",".cmake"
"C:\Users\vahin\Documents\APP_VAHINI\android\app\.cxx\RelWithDebInfo\1a395u1t\x86\configure_fingerprint.bin","configure_fingerprint.bin","1.6",".bin"
"C:\Users\vahin\Documents\APP_VAHINI\android\app\.cxx\RelWithDebInfo\1a395u1t\x86\metadata_generation_command.txt","metadata_generation_command.txt","1.08",".txt"
"C:\Users\vahin\Documents\APP_VAHINI\android\app\.cxx\RelWithDebInfo\1a395u1t\x86\prefab_config.json","prefab_config.json","0.04",".json"
"C:\Users\vahin\Documents\APP_VAHINI\android\app\.cxx\RelWithDebInfo\1a395u1t\x86\symbol_folder_index.txt","symbol_folder_index.txt","0.09",".txt"
"C:\Users\vahin\Documents\APP_VAHINI\android\app\.cxx\RelWithDebInfo\1a395u1t\x86\.cmake\api\v1\query\client-agp\cache-v2","cache-v2","0",""
"C:\Users\vahin\Documents\APP_VAHINI\android\app\.cxx\RelWithDebInfo\1a395u1t\x86\.cmake\api\v1\query\client-agp\cmakeFiles-v1","cmakeFiles-v1","0",""
"C:\Users\vahin\Documents\APP_VAHINI\android\app\.cxx\RelWithDebInfo\1a395u1t\x86\.cmake\api\v1\query\client-agp\codemodel-v2","codemodel-v2","0",""
"C:\Users\vahin\Documents\APP_VAHINI\android\app\.cxx\RelWithDebInfo\1a395u1t\x86\.cmake\api\v1\reply\cache-v2-a5b7ad13768e2774ba68.json","cache-v2-a5b7ad13768e2774ba68.json","28.24",".json"
"C:\Users\vahin\Documents\APP_VAHINI\android\app\.cxx\RelWithDebInfo\1a395u1t\x86\.cmake\api\v1\reply\cmakeFiles-v1-a95adb3d1e2454d6d66a.json","cmakeFiles-v1-a95adb3d1e2454d6d66a.json","29.29",".json"
"C:\Users\vahin\Documents\APP_VAHINI\android\app\.cxx\RelWithDebInfo\1a395u1t\x86\.cmake\api\v1\reply\codemodel-v2-408e1aef25544e95b4a9.json","codemodel-v2-408e1aef25544e95b4a9.json","0.74",".json"
"C:\Users\vahin\Documents\APP_VAHINI\android\app\.cxx\RelWithDebInfo\1a395u1t\x86\.cmake\api\v1\reply\directory-.-RelWithDebInfo-d0094a50bb2071803777.json","directory-.-RelWithDebInfo-d0094a50bb2071803777.json","0.16",".json"
"C:\Users\vahin\Documents\APP_VAHINI\android\app\.cxx\RelWithDebInfo\1a395u1t\x86\.cmake\api\v1\reply\index-2026-05-30T07-07-37-0171.json","index-2026-05-30T07-07-37-0171.json","1.71",".json"
"C:\Users\vahin\Documents\APP_VAHINI\android\app\.cxx\RelWithDebInfo\1a395u1t\x86\CMakeFiles\cmake.check_cache","cmake.check_cache","0.08",".check_cache"
"C:\Users\vahin\Documents\APP_VAHINI\android\app\.cxx\RelWithDebInfo\1a395u1t\x86\CMakeFiles\CMakeOutput.log","CMakeOutput.log","42.93",".log"
"C:\Users\vahin\Documents\APP_VAHINI\android\app\.cxx\RelWithDebInfo\1a395u1t\x86\CMakeFiles\rules.ninja","rules.ninja","1.57",".ninja"
"C:\Users\vahin\Documents\APP_VAHINI\android\app\.cxx\RelWithDebInfo\1a395u1t\x86\CMakeFiles\TargetDirectories.txt","TargetDirectories.txt","0.21",".txt"
"C:\Users\vahin\Documents\APP_VAHINI\android\app\.cxx\RelWithDebInfo\1a395u1t\x86\CMakeFiles\3.22.1-g37088a8-dirty\CMakeCCompiler.cmake","CMakeCCompiler.cmake","3.71",".cmake"
"C:\Users\vahin\Documents\APP_VAHINI\android\app\.cxx\RelWithDebInfo\1a395u1t\x86\CMakeFiles\3.22.1-g37088a8-dirty\CMakeCXXCompiler.cmake","CMakeCXXCompiler.cmake","6.68",".cmake"
"C:\Users\vahin\Documents\APP_VAHINI\android\app\.cxx\RelWithDebInfo\1a395u1t\x86\CMakeFiles\3.22.1-g37088a8-dirty\CMakeDetermineCompilerABI_C.bin","CMakeDetermineCompilerABI_C.bin","5.86",".bin"
"C:\Users\vahin\Documents\APP_VAHINI\android\app\.cxx\RelWithDebInfo\1a395u1t\x86\CMakeFiles\3.22.1-g37088a8-dirty\CMakeDetermineCompilerABI_CXX.bin","CMakeDetermineCompilerABI_CXX.bin","6",".bin"
"C:\Users\vahin\Documents\APP_VAHINI\android\app\.cxx\RelWithDebInfo\1a395u1t\x86\CMakeFiles\3.22.1-g37088a8-dirty\CMakeSystem.cmake","CMakeSystem.cmake","0.47",".cmake"
"C:\Users\vahin\Documents\APP_VAHINI\android\app\.cxx\RelWithDebInfo\1a395u1t\x86\CMakeFiles\3.22.1-g37088a8-dirty\CompilerIdC\CMakeCCompilerId.c","CMakeCCompilerId.c","25.05",".c"
"C:\Users\vahin\Documents\APP_VAHINI\android\app\.cxx\RelWithDebInfo\1a395u1t\x86\CMakeFiles\3.22.1-g37088a8-dirty\CompilerIdC\CMakeCCompilerId.o","CMakeCCompilerId.o","3.79",".o"
"C:\Users\vahin\Documents\APP_VAHINI\android\app\.cxx\RelWithDebInfo\1a395u1t\x86\CMakeFiles\3.22.1-g37088a8-dirty\CompilerIdCXX\CMakeCXXCompilerId.cpp","CMakeCXXCompilerId.cpp","24.79",".cpp"
"C:\Users\vahin\Documents\APP_VAHINI\android\app\.cxx\RelWithDebInfo\1a395u1t\x86\CMakeFiles\3.22.1-g37088a8-dirty\CompilerIdCXX\CMakeCXXCompilerId.o","CMakeCXXCompilerId.o","3.82",".o"
"C:\Users\vahin\Documents\APP_VAHINI\android\app\.cxx\RelWithDebInfo\1a395u1t\x86_64\additional_project_files.txt","additional_project_files.txt","0",".txt"
"C:\Users\vahin\Documents\APP_VAHINI\android\app\.cxx\RelWithDebInfo\1a395u1t\x86_64\android_gradle_build.json","android_gradle_build.json","1.06",".json"
"C:\Users\vahin\Documents\APP_VAHINI\android\app\.cxx\RelWithDebInfo\1a395u1t\x86_64\android_gradle_build_mini.json","android_gradle_build_mini.json","0.65",".json"
"C:\Users\vahin\Documents\APP_VAHINI\android\app\.cxx\RelWithDebInfo\1a395u1t\x86_64\build.ninja","build.ninja","26.73",".ninja"
"C:\Users\vahin\Documents\APP_VAHINI\android\app\.cxx\RelWithDebInfo\1a395u1t\x86_64\build_file_index.txt","build_file_index.txt","0.07",".txt"
"C:\Users\vahin\Documents\APP_VAHINI\android\app\.cxx\RelWithDebInfo\1a395u1t\x86_64\CMakeCache.txt","CMakeCache.txt","17.02",".txt"
"C:\Users\vahin\Documents\APP_VAHINI\android\app\.cxx\RelWithDebInfo\1a395u1t\x86_64\cmake_install.cmake","cmake_install.cmake","1.85",".cmake"
"C:\Users\vahin\Documents\APP_VAHINI\android\app\.cxx\RelWithDebInfo\1a395u1t\x86_64\configure_fingerprint.bin","configure_fingerprint.bin","1.63",".bin"
"C:\Users\vahin\Documents\APP_VAHINI\android\app\.cxx\RelWithDebInfo\1a395u1t\x86_64\metadata_generation_command.txt","metadata_generation_command.txt","1.09",".txt"
"C:\Users\vahin\Documents\APP_VAHINI\android\app\.cxx\RelWithDebInfo\1a395u1t\x86_64\prefab_config.json","prefab_config.json","0.04",".json"
"C:\Users\vahin\Documents\APP_VAHINI\android\app\.cxx\RelWithDebInfo\1a395u1t\x86_64\symbol_folder_index.txt","symbol_folder_index.txt","0.1",".txt"
"C:\Users\vahin\Documents\APP_VAHINI\android\app\.cxx\RelWithDebInfo\1a395u1t\x86_64\.cmake\api\v1\query\client-agp\cache-v2","cache-v2","0",""
"C:\Users\vahin\Documents\APP_VAHINI\android\app\.cxx\RelWithDebInfo\1a395u1t\x86_64\.cmake\api\v1\query\client-agp\cmakeFiles-v1","cmakeFiles-v1","0",""
"C:\Users\vahin\Documents\APP_VAHINI\android\app\.cxx\RelWithDebInfo\1a395u1t\x86_64\.cmake\api\v1\query\client-agp\codemodel-v2","codemodel-v2","0",""
"C:\Users\vahin\Documents\APP_VAHINI\android\app\.cxx\RelWithDebInfo\1a395u1t\x86_64\.cmake\api\v1\reply\cache-v2-72344042330ff06d5690.json","cache-v2-72344042330ff06d5690.json","28.26",".json"
"C:\Users\vahin\Documents\APP_VAHINI\android\app\.cxx\RelWithDebInfo\1a395u1t\x86_64\.cmake\api\v1\reply\cmakeFiles-v1-fdf05f99798425012430.json","cmakeFiles-v1-fdf05f99798425012430.json","29.31",".json"
"C:\Users\vahin\Documents\APP_VAHINI\android\app\.cxx\RelWithDebInfo\1a395u1t\x86_64\.cmake\api\v1\reply\codemodel-v2-c6f13a4e4bc866ced491.json","codemodel-v2-c6f13a4e4bc866ced491.json","0.74",".json"
"C:\Users\vahin\Documents\APP_VAHINI\android\app\.cxx\RelWithDebInfo\1a395u1t\x86_64\.cmake\api\v1\reply\directory-.-RelWithDebInfo-d0094a50bb2071803777.json","directory-.-RelWithDebInfo-d0094a50bb2071803777.json","0.16",".json"
"C:\Users\vahin\Documents\APP_VAHINI\android\app\.cxx\RelWithDebInfo\1a395u1t\x86_64\.cmake\api\v1\reply\index-2026-05-30T07-07-39-0188.json","index-2026-05-30T07-07-39-0188.json","1.71",".json"
"C:\Users\vahin\Documents\APP_VAHINI\android\app\.cxx\RelWithDebInfo\1a395u1t\x86_64\CMakeFiles\cmake.check_cache","cmake.check_cache","0.08",".check_cache"
"C:\Users\vahin\Documents\APP_VAHINI\android\app\.cxx\RelWithDebInfo\1a395u1t\x86_64\CMakeFiles\CMakeOutput.log","CMakeOutput.log","43.4",".log"
"C:\Users\vahin\Documents\APP_VAHINI\android\app\.cxx\RelWithDebInfo\1a395u1t\x86_64\CMakeFiles\rules.ninja","rules.ninja","1.57",".ninja"
"C:\Users\vahin\Documents\APP_VAHINI\android\app\.cxx\RelWithDebInfo\1a395u1t\x86_64\CMakeFiles\TargetDirectories.txt","TargetDirectories.txt","0.22",".txt"
"C:\Users\vahin\Documents\APP_VAHINI\android\app\.cxx\RelWithDebInfo\1a395u1t\x86_64\CMakeFiles\3.22.1-g37088a8-dirty\CMakeCCompiler.cmake","CMakeCCompiler.cmake","3.71",".cmake"
"C:\Users\vahin\Documents\APP_VAHINI\android\app\.cxx\RelWithDebInfo\1a395u1t\x86_64\CMakeFiles\3.22.1-g37088a8-dirty\CMakeCXXCompiler.cmake","CMakeCXXCompiler.cmake","6.69",".cmake"
"C:\Users\vahin\Documents\APP_VAHINI\android\app\.cxx\RelWithDebInfo\1a395u1t\x86_64\CMakeFiles\3.22.1-g37088a8-dirty\CMakeDetermineCompilerABI_C.bin","CMakeDetermineCompilerABI_C.bin","7.2",".bin"
"C:\Users\vahin\Documents\APP_VAHINI\android\app\.cxx\RelWithDebInfo\1a395u1t\x86_64\CMakeFiles\3.22.1-g37088a8-dirty\CMakeDetermineCompilerABI_CXX.bin","CMakeDetermineCompilerABI_CXX.bin","7.34",".bin"
"C:\Users\vahin\Documents\APP_VAHINI\android\app\.cxx\RelWithDebInfo\1a395u1t\x86_64\CMakeFiles\3.22.1-g37088a8-dirty\CMakeSystem.cmake","CMakeSystem.cmake","0.47",".cmake"
"C:\Users\vahin\Documents\APP_VAHINI\android\app\.cxx\RelWithDebInfo\1a395u1t\x86_64\CMakeFiles\3.22.1-g37088a8-dirty\CompilerIdC\CMakeCCompilerId.c","CMakeCCompilerId.c","25.05",".c"
"C:\Users\vahin\Documents\APP_VAHINI\android\app\.cxx\RelWithDebInfo\1a395u1t\x86_64\CMakeFiles\3.22.1-g37088a8-dirty\CompilerIdC\CMakeCCompilerId.o","CMakeCCompilerId.o","5.25",".o"
"C:\Users\vahin\Documents\APP_VAHINI\android\app\.cxx\RelWithDebInfo\1a395u1t\x86_64\CMakeFiles\3.22.1-g37088a8-dirty\CompilerIdCXX\CMakeCXXCompilerId.cpp","CMakeCXXCompilerId.cpp","24.79",".cpp"
"C:\Users\vahin\Documents\APP_VAHINI\android\app\.cxx\RelWithDebInfo\1a395u1t\x86_64\CMakeFiles\3.22.1-g37088a8-dirty\CompilerIdCXX\CMakeCXXCompilerId.o","CMakeCXXCompilerId.o","5.3",".o"
"C:\Users\vahin\Documents\APP_VAHINI\android\app\src\debug\AndroidManifest.xml","AndroidManifest.xml","0.38",".xml"
"C:\Users\vahin\Documents\APP_VAHINI\android\app\src\main\AndroidManifest.xml","AndroidManifest.xml","3.61",".xml"
"C:\Users\vahin\Documents\APP_VAHINI\android\app\src\main\java\io\flutter\plugins\GeneratedPluginRegistrant.java","GeneratedPluginRegistrant.java","4.14",".java"
"C:\Users\vahin\Documents\APP_VAHINI\android\app\src\main\kotlin\com\study\voice\MainActivity.kt","MainActivity.kt","0.12",".kt"
"C:\Users\vahin\Documents\APP_VAHINI\android\app\src\main\res\drawable\launch_background.xml","launch_background.xml","0.44",".xml"
"C:\Users\vahin\Documents\APP_VAHINI\android\app\src\main\res\drawable-v21\launch_background.xml","launch_background.xml","0.44",".xml"
"C:\Users\vahin\Documents\APP_VAHINI\android\app\src\main\res\mipmap-hdpi\ic_launcher.png","ic_launcher.png","6.55",".png"
"C:\Users\vahin\Documents\APP_VAHINI\android\app\src\main\res\mipmap-mdpi\ic_launcher.png","ic_launcher.png","3.38",".png"
"C:\Users\vahin\Documents\APP_VAHINI\android\app\src\main\res\mipmap-xhdpi\ic_launcher.png","ic_launcher.png","10.74",".png"
"C:\Users\vahin\Documents\APP_VAHINI\android\app\src\main\res\mipmap-xxhdpi\ic_launcher.png","ic_launcher.png","21.72",".png"
"C:\Users\vahin\Documents\APP_VAHINI\android\app\src\main\res\mipmap-xxxhdpi\ic_launcher.png","ic_launcher.png","37.43",".png"
"C:\Users\vahin\Documents\APP_VAHINI\android\app\src\main\res\values\styles.xml","styles.xml","0.99",".xml"
"C:\Users\vahin\Documents\APP_VAHINI\android\app\src\main\res\values-night\styles.xml","styles.xml","0.99",".xml"
"C:\Users\vahin\Documents\APP_VAHINI\android\app\src\profile\AndroidManifest.xml","AndroidManifest.xml","0.38",".xml"
"C:\Users\vahin\Documents\APP_VAHINI\android\gradle\wrapper\gradle-wrapper.jar","gradle-wrapper.jar","52.38",".jar"
"C:\Users\vahin\Documents\APP_VAHINI\android\gradle\wrapper\gradle-wrapper.properties","gradle-wrapper.properties","0.2",".properties"
"C:\Users\vahin\Documents\APP_VAHINI\assets\icon.png","icon.png","436.64",".png"
"C:\Users\vahin\Documents\APP_VAHINI\ios\.gitignore",".gitignore","0.59",".gitignore"
"C:\Users\vahin\Documents\APP_VAHINI\ios\Flutter\AppFrameworkInfo.plist","AppFrameworkInfo.plist","0.78",".plist"
"C:\Users\vahin\Documents\APP_VAHINI\ios\Flutter\Debug.xcconfig","Debug.xcconfig","0.03",".xcconfig"
"C:\Users\vahin\Documents\APP_VAHINI\ios\Flutter\flutter_export_environment.sh","flutter_export_environment.sh","0.51",".sh"
"C:\Users\vahin\Documents\APP_VAHINI\ios\Flutter\Generated.xcconfig","Generated.xcconfig","0.48",".xcconfig"
"C:\Users\vahin\Documents\APP_VAHINI\ios\Flutter\Release.xcconfig","Release.xcconfig","0.03",".xcconfig"
"C:\Users\vahin\Documents\APP_VAHINI\ios\Runner\AppDelegate.swift","AppDelegate.swift","0.39",".swift"
"C:\Users\vahin\Documents\APP_VAHINI\ios\Runner\GeneratedPluginRegistrant.h","GeneratedPluginRegistrant.h","0.37",".h"
"C:\Users\vahin\Documents\APP_VAHINI\ios\Runner\GeneratedPluginRegistrant.m","GeneratedPluginRegistrant.m","3.37",".m"
"C:\Users\vahin\Documents\APP_VAHINI\ios\Runner\Info.plist","Info.plist","1.66",".plist"
"C:\Users\vahin\Documents\APP_VAHINI\ios\Runner\Runner-Bridging-Header.h","Runner-Bridging-Header.h","0.04",".h"
"C:\Users\vahin\Documents\APP_VAHINI\ios\Runner\Assets.xcassets\AppIcon.appiconset\Contents.json","Contents.json","2.05",".json"
"C:\Users\vahin\Documents\APP_VAHINI\ios\Runner\Assets.xcassets\AppIcon.appiconset\Icon-App-1024x1024@1x.png","Icon-App-1024x1024@1x.png","821.75",".png"
"C:\Users\vahin\Documents\APP_VAHINI\ios\Runner\Assets.xcassets\AppIcon.appiconset\Icon-App-20x20@1x.png","Icon-App-20x20@1x.png","0.83",".png"
"C:\Users\vahin\Documents\APP_VAHINI\ios\Runner\Assets.xcassets\AppIcon.appiconset\Icon-App-20x20@2x.png","Icon-App-20x20@2x.png","2.47",".png"
"C:\Users\vahin\Documents\APP_VAHINI\ios\Runner\Assets.xcassets\AppIcon.appiconset\Icon-App-20x20@3x.png","Icon-App-20x20@3x.png","4.85",".png"
"C:\Users\vahin\Documents\APP_VAHINI\ios\Runner\Assets.xcassets\AppIcon.appiconset\Icon-App-29x29@1x.png","Icon-App-29x29@1x.png","1.49",".png"
"C:\Users\vahin\Documents\APP_VAHINI\ios\Runner\Assets.xcassets\AppIcon.appiconset\Icon-App-29x29@2x.png","Icon-App-29x29@2x.png","4.54",".png"
"C:\Users\vahin\Documents\APP_VAHINI\ios\Runner\Assets.xcassets\AppIcon.appiconset\Icon-App-29x29@3x.png","Icon-App-29x29@3x.png","9.03",".png"
"C:\Users\vahin\Documents\APP_VAHINI\ios\Runner\Assets.xcassets\AppIcon.appiconset\Icon-App-40x40@1x.png","Icon-App-40x40@1x.png","2.47",".png"
"C:\Users\vahin\Documents\APP_VAHINI\ios\Runner\Assets.xcassets\AppIcon.appiconset\Icon-App-40x40@2x.png","Icon-App-40x40@2x.png","7.81",".png"
"C:\Users\vahin\Documents\APP_VAHINI\ios\Runner\Assets.xcassets\AppIcon.appiconset\Icon-App-40x40@3x.png","Icon-App-40x40@3x.png","15.8",".png"
"C:\Users\vahin\Documents\APP_VAHINI\ios\Runner\Assets.xcassets\AppIcon.appiconset\Icon-App-50x50@1x.png","Icon-App-50x50@1x.png","3.54",".png"
"C:\Users\vahin\Documents\APP_VAHINI\ios\Runner\Assets.xcassets\AppIcon.appiconset\Icon-App-50x50@2x.png","Icon-App-50x50@2x.png","11.52",".png"
"C:\Users\vahin\Documents\APP_VAHINI\ios\Runner\Assets.xcassets\AppIcon.appiconset\Icon-App-57x57@1x.png","Icon-App-57x57@1x.png","4.46",".png"
"C:\Users\vahin\Documents\APP_VAHINI\ios\Runner\Assets.xcassets\AppIcon.appiconset\Icon-App-57x57@2x.png","Icon-App-57x57@2x.png","14.49",".png"
"C:\Users\vahin\Documents\APP_VAHINI\ios\Runner\Assets.xcassets\AppIcon.appiconset\Icon-App-60x60@2x.png","Icon-App-60x60@2x.png","15.8",".png"
"C:\Users\vahin\Documents\APP_VAHINI\ios\Runner\Assets.xcassets\AppIcon.appiconset\Icon-App-60x60@3x.png","Icon-App-60x60@3x.png","33",".png"
"C:\Users\vahin\Documents\APP_VAHINI\ios\Runner\Assets.xcassets\AppIcon.appiconset\Icon-App-72x72@1x.png","Icon-App-72x72@1x.png","6.55",".png"
"C:\Users\vahin\Documents\APP_VAHINI\ios\Runner\Assets.xcassets\AppIcon.appiconset\Icon-App-72x72@2x.png","Icon-App-72x72@2x.png","21.72",".png"
"C:\Users\vahin\Documents\APP_VAHINI\ios\Runner\Assets.xcassets\AppIcon.appiconset\Icon-App-76x76@1x.png","Icon-App-76x76@1x.png","7.17",".png"
"C:\Users\vahin\Documents\APP_VAHINI\ios\Runner\Assets.xcassets\AppIcon.appiconset\Icon-App-76x76@2x.png","Icon-App-76x76@2x.png","24.03",".png"
"C:\Users\vahin\Documents\APP_VAHINI\ios\Runner\Assets.xcassets\AppIcon.appiconset\Icon-App-83.5x83.5@2x.png","Icon-App-83.5x83.5@2x.png","28.71",".png"
"C:\Users\vahin\Documents\APP_VAHINI\ios\Runner\Assets.xcassets\LaunchImage.imageset\Contents.json","Contents.json","0.4",".json"
"C:\Users\vahin\Documents\APP_VAHINI\ios\Runner\Assets.xcassets\LaunchImage.imageset\LaunchImage.png","LaunchImage.png","0.07",".png"
"C:\Users\vahin\Documents\APP_VAHINI\ios\Runner\Assets.xcassets\LaunchImage.imageset\LaunchImage@2x.png","LaunchImage@2x.png","0.07",".png"
"C:\Users\vahin\Documents\APP_VAHINI\ios\Runner\Assets.xcassets\LaunchImage.imageset\LaunchImage@3x.png","LaunchImage@3x.png","0.07",".png"
"C:\Users\vahin\Documents\APP_VAHINI\ios\Runner\Assets.xcassets\LaunchImage.imageset\README.md","README.md","0.33",".md"
"C:\Users\vahin\Documents\APP_VAHINI\ios\Runner\Base.lproj\LaunchScreen.storyboard","LaunchScreen.storyboard","2.36",".storyboard"
"C:\Users\vahin\Documents\APP_VAHINI\ios\Runner\Base.lproj\Main.storyboard","Main.storyboard","1.59",".storyboard"
"C:\Users\vahin\Documents\APP_VAHINI\ios\Runner.xcodeproj\project.pbxproj","project.pbxproj","23.16",".pbxproj"
"C:\Users\vahin\Documents\APP_VAHINI\ios\Runner.xcodeproj\project.xcworkspace\contents.xcworkspacedata","contents.xcworkspacedata","0.14",".xcworkspacedata"
"C:\Users\vahin\Documents\APP_VAHINI\ios\Runner.xcodeproj\project.xcworkspace\xcshareddata\IDEWorkspaceChecks.plist","IDEWorkspaceChecks.plist","0.24",".plist"
"C:\Users\vahin\Documents\APP_VAHINI\ios\Runner.xcodeproj\project.xcworkspace\xcshareddata\WorkspaceSettings.xcsettings","WorkspaceSettings.xcsettings","0.23",".xcsettings"
"C:\Users\vahin\Documents\APP_VAHINI\ios\Runner.xcodeproj\xcshareddata\xcschemes\Runner.xcscheme","Runner.xcscheme","3.69",".xcscheme"
"C:\Users\vahin\Documents\APP_VAHINI\ios\Runner.xcworkspace\contents.xcworkspacedata","contents.xcworkspacedata","0.16",".xcworkspacedata"
"C:\Users\vahin\Documents\APP_VAHINI\ios\Runner.xcworkspace\xcshareddata\IDEWorkspaceChecks.plist","IDEWorkspaceChecks.plist","0.24",".plist"
"C:\Users\vahin\Documents\APP_VAHINI\ios\Runner.xcworkspace\xcshareddata\WorkspaceSettings.xcsettings","WorkspaceSettings.xcsettings","0.23",".xcsettings"
"C:\Users\vahin\Documents\APP_VAHINI\ios\RunnerTests\RunnerTests.swift","RunnerTests.swift","0.29",".swift"
"C:\Users\vahin\Documents\APP_VAHINI\lib\main.dart","main.dart","4.47",".dart"
"C:\Users\vahin\Documents\APP_VAHINI\lib\core\theme\app_theme.dart","app_theme.dart","5.01",".dart"
"C:\Users\vahin\Documents\APP_VAHINI\lib\core\utils\pdf_helper.dart","pdf_helper.dart","2.46",".dart"
"C:\Users\vahin\Documents\APP_VAHINI\lib\core\widgets\custom_button.dart","custom_button.dart","3.83",".dart"
"C:\Users\vahin\Documents\APP_VAHINI\lib\core\widgets\custom_textfield.dart","custom_textfield.dart","4.52",".dart"
"C:\Users\vahin\Documents\APP_VAHINI\lib\core\widgets\glass_card.dart","glass_card.dart","1.44",".dart"
"C:\Users\vahin\Documents\APP_VAHINI\lib\models\bookmark_model.dart","bookmark_model.dart","1.07",".dart"
"C:\Users\vahin\Documents\APP_VAHINI\lib\models\note_model.dart","note_model.dart","1.06",".dart"
"C:\Users\vahin\Documents\APP_VAHINI\lib\models\pdf_model.dart","pdf_model.dart","4.87",".dart"
"C:\Users\vahin\Documents\APP_VAHINI\lib\models\user_model.dart","user_model.dart","2.06",".dart"
"C:\Users\vahin\Documents\APP_VAHINI\lib\services\ai_service.dart","ai_service.dart","13.11",".dart"
"C:\Users\vahin\Documents\APP_VAHINI\lib\services\auth_service.dart","auth_service.dart","7.3",".dart"
"C:\Users\vahin\Documents\APP_VAHINI\lib\services\database_service.dart","database_service.dart","8.68",".dart"
"C:\Users\vahin\Documents\APP_VAHINI\lib\services\notification_service.dart","notification_service.dart","2.29",".dart"
"C:\Users\vahin\Documents\APP_VAHINI\lib\services\storage_service.dart","storage_service.dart","1.36",".dart"
"C:\Users\vahin\Documents\APP_VAHINI\lib\services\tts_service.dart","tts_service.dart","3.58",".dart"
"C:\Users\vahin\Documents\APP_VAHINI\lib\viewmodels\auth_viewmodel.dart","auth_viewmodel.dart","3.37",".dart"
"C:\Users\vahin\Documents\APP_VAHINI\lib\viewmodels\library_viewmodel.dart","library_viewmodel.dart","7.87",".dart"
"C:\Users\vahin\Documents\APP_VAHINI\lib\viewmodels\player_viewmodel.dart","player_viewmodel.dart","7.18",".dart"
"C:\Users\vahin\Documents\APP_VAHINI\lib\viewmodels\stats_viewmodel.dart","stats_viewmodel.dart","5.93",".dart"
"C:\Users\vahin\Documents\APP_VAHINI\lib\views\auth\forgot_pw_screen.dart","forgot_pw_screen.dart","5.13",".dart"
"C:\Users\vahin\Documents\APP_VAHINI\lib\views\auth\login_screen.dart","login_screen.dart","11.93",".dart"
"C:\Users\vahin\Documents\APP_VAHINI\lib\views\auth\signup_screen.dart","signup_screen.dart","8.71",".dart"
"C:\Users\vahin\Documents\APP_VAHINI\lib\views\auth\splash_screen.dart","splash_screen.dart","8.26",".dart"
"C:\Users\vahin\Documents\APP_VAHINI\lib\views\dashboard\bookmarks_tab.dart","bookmarks_tab.dart","16.91",".dart"
"C:\Users\vahin\Documents\APP_VAHINI\lib\views\dashboard\home_tab.dart","home_tab.dart","23.75",".dart"
"C:\Users\vahin\Documents\APP_VAHINI\lib\views\dashboard\library_tab.dart","library_tab.dart","16.88",".dart"
"C:\Users\vahin\Documents\APP_VAHINI\lib\views\dashboard\main_layout.dart","main_layout.dart","6",".dart"
"C:\Users\vahin\Documents\APP_VAHINI\lib\views\dashboard\profile_tab.dart","profile_tab.dart","14.56",".dart"
"C:\Users\vahin\Documents\APP_VAHINI\lib\views\player\tts_player_screen.dart","tts_player_screen.dart","26.07",".dart"
"C:\Users\vahin\Documents\APP_VAHINI\lib\views\quiz\quiz_screen.dart","quiz_screen.dart","12.85",".dart"
"C:\Users\vahin\Documents\APP_VAHINI\lib\views\settings\settings_screen.dart","settings_screen.dart","11.14",".dart"
"C:\Users\vahin\Documents\APP_VAHINI\linux\.gitignore",".gitignore","0.02",".gitignore"
"C:\Users\vahin\Documents\APP_VAHINI\linux\CMakeLists.txt","CMakeLists.txt","4.79",".txt"
"C:\Users\vahin\Documents\APP_VAHINI\linux\flutter\CMakeLists.txt","CMakeLists.txt","2.83",".txt"
"C:\Users\vahin\Documents\APP_VAHINI\linux\flutter\generated_plugins.cmake","generated_plugins.cmake","0.72",".cmake"
"C:\Users\vahin\Documents\APP_VAHINI\linux\flutter\generated_plugin_registrant.cc","generated_plugin_registrant.cc","0.16",".cc"
"C:\Users\vahin\Documents\APP_VAHINI\linux\flutter\generated_plugin_registrant.h","generated_plugin_registrant.h","0.3",".h"
"C:\Users\vahin\Documents\APP_VAHINI\linux\runner\CMakeLists.txt","CMakeLists.txt","0.98",".txt"
"C:\Users\vahin\Documents\APP_VAHINI\linux\runner\main.cc","main.cc","0.18",".cc"
"C:\Users\vahin\Documents\APP_VAHINI\linux\runner\my_application.cc","my_application.cc","4.78",".cc"
"C:\Users\vahin\Documents\APP_VAHINI\linux\runner\my_application.h","my_application.h","0.4",".h"
"C:\Users\vahin\Documents\APP_VAHINI\macos\.gitignore",".gitignore","0.09",".gitignore"
"C:\Users\vahin\Documents\APP_VAHINI\macos\Flutter\Flutter-Debug.xcconfig","Flutter-Debug.xcconfig","0.05",".xcconfig"
"C:\Users\vahin\Documents\APP_VAHINI\macos\Flutter\Flutter-Release.xcconfig","Flutter-Release.xcconfig","0.05",".xcconfig"
"C:\Users\vahin\Documents\APP_VAHINI\macos\Flutter\GeneratedPluginRegistrant.swift","GeneratedPluginRegistrant.swift","1.6",".swift"
"C:\Users\vahin\Documents\APP_VAHINI\macos\Flutter\ephemeral\Flutter-Generated.xcconfig","Flutter-Generated.xcconfig","0.37",".xcconfig"
"C:\Users\vahin\Documents\APP_VAHINI\macos\Flutter\ephemeral\flutter_export_environment.sh","flutter_export_environment.sh","0.47",".sh"
"C:\Users\vahin\Documents\APP_VAHINI\macos\Runner\AppDelegate.swift","AppDelegate.swift","0.32",".swift"
"C:\Users\vahin\Documents\APP_VAHINI\macos\Runner\DebugProfile.entitlements","DebugProfile.entitlements","0.35",".entitlements"
"C:\Users\vahin\Documents\APP_VAHINI\macos\Runner\Info.plist","Info.plist","1.07",".plist"
"C:\Users\vahin\Documents\APP_VAHINI\macos\Runner\MainFlutterWindow.swift","MainFlutterWindow.swift","0.39",".swift"
"C:\Users\vahin\Documents\APP_VAHINI\macos\Runner\Release.entitlements","Release.entitlements","0.24",".entitlements"
"C:\Users\vahin\Documents\APP_VAHINI\macos\Runner\Assets.xcassets\AppIcon.appiconset\app_icon_1024.png","app_icon_1024.png","100.58",".png"
"C:\Users\vahin\Documents\APP_VAHINI\macos\Runner\Assets.xcassets\AppIcon.appiconset\app_icon_128.png","app_icon_128.png","5.55",".png"
"C:\Users\vahin\Documents\APP_VAHINI\macos\Runner\Assets.xcassets\AppIcon.appiconset\app_icon_16.png","app_icon_16.png","0.51",".png"
"C:\Users\vahin\Documents\APP_VAHINI\macos\Runner\Assets.xcassets\AppIcon.appiconset\app_icon_256.png","app_icon_256.png","13.81",".png"
"C:\Users\vahin\Documents\APP_VAHINI\macos\Runner\Assets.xcassets\AppIcon.appiconset\app_icon_32.png","app_icon_32.png","1.04",".png"
"C:\Users\vahin\Documents\APP_VAHINI\macos\Runner\Assets.xcassets\AppIcon.appiconset\app_icon_512.png","app_icon_512.png","35.55",".png"
"C:\Users\vahin\Documents\APP_VAHINI\macos\Runner\Assets.xcassets\AppIcon.appiconset\app_icon_64.png","app_icon_64.png","2.17",".png"
"C:\Users\vahin\Documents\APP_VAHINI\macos\Runner\Assets.xcassets\AppIcon.appiconset\Contents.json","Contents.json","1.33",".json"
"C:\Users\vahin\Documents\APP_VAHINI\macos\Runner\Base.lproj\MainMenu.xib","MainMenu.xib","23.51",".xib"
"C:\Users\vahin\Documents\APP_VAHINI\macos\Runner\Configs\AppInfo.xcconfig","AppInfo.xcconfig","0.62",".xcconfig"
"C:\Users\vahin\Documents\APP_VAHINI\macos\Runner\Configs\Debug.xcconfig","Debug.xcconfig","0.08",".xcconfig"
"C:\Users\vahin\Documents\APP_VAHINI\macos\Runner\Configs\Release.xcconfig","Release.xcconfig","0.08",".xcconfig"
"C:\Users\vahin\Documents\APP_VAHINI\macos\Runner\Configs\Warnings.xcconfig","Warnings.xcconfig","0.58",".xcconfig"
"C:\Users\vahin\Documents\APP_VAHINI\macos\Runner.xcodeproj\project.pbxproj","project.pbxproj","26.51",".pbxproj"
"C:\Users\vahin\Documents\APP_VAHINI\macos\Runner.xcodeproj\project.xcworkspace\xcshareddata\IDEWorkspaceChecks.plist","IDEWorkspaceChecks.plist","0.24",".plist"
"C:\Users\vahin\Documents\APP_VAHINI\macos\Runner.xcodeproj\xcshareddata\xcschemes\Runner.xcscheme","Runner.xcscheme","3.72",".xcscheme"
"C:\Users\vahin\Documents\APP_VAHINI\macos\Runner.xcworkspace\contents.xcworkspacedata","contents.xcworkspacedata","0.16",".xcworkspacedata"
"C:\Users\vahin\Documents\APP_VAHINI\macos\Runner.xcworkspace\xcshareddata\IDEWorkspaceChecks.plist","IDEWorkspaceChecks.plist","0.24",".plist"
"C:\Users\vahin\Documents\APP_VAHINI\macos\RunnerTests\RunnerTests.swift","RunnerTests.swift","0.29",".swift"
"C:\Users\vahin\Documents\APP_VAHINI\test\widget_test.dart","widget_test.dart","1.08",".dart"
"C:\Users\vahin\Documents\APP_VAHINI\web\favicon.png","favicon.png","0.9",".png"
"C:\Users\vahin\Documents\APP_VAHINI\web\index.html","index.html","1.23",".html"
"C:\Users\vahin\Documents\APP_VAHINI\web\manifest.json","manifest.json","0.94",".json"
"C:\Users\vahin\Documents\APP_VAHINI\web\icons\Icon-192.png","Icon-192.png","5.17",".png"
"C:\Users\vahin\Documents\APP_VAHINI\web\icons\Icon-512.png","Icon-512.png","8.06",".png"
"C:\Users\vahin\Documents\APP_VAHINI\web\icons\Icon-maskable-192.png","Icon-maskable-192.png","5.46",".png"
"C:\Users\vahin\Documents\APP_VAHINI\web\icons\Icon-maskable-512.png","Icon-maskable-512.png","20.51",".png"
"C:\Users\vahin\Documents\APP_VAHINI\web_app\.env",".env","0.07",".env"
"C:\Users\vahin\Documents\APP_VAHINI\web_app\.gitignore",".gitignore","0.35",".gitignore"
"C:\Users\vahin\Documents\APP_VAHINI\web_app\eslint.config.js","eslint.config.js","0.55",".js"
"C:\Users\vahin\Documents\APP_VAHINI\web_app\index.html","index.html","0.35",".html"
"C:\Users\vahin\Documents\APP_VAHINI\web_app\package-lock.json","package-lock.json","131.45",".json"
"C:\Users\vahin\Documents\APP_VAHINI\web_app\package.json","package.json","0.75",".json"
"C:\Users\vahin\Documents\APP_VAHINI\web_app\README.md","README.md","1",".md"
"C:\Users\vahin\Documents\APP_VAHINI\web_app\vite.config.js","vite.config.js","0.16",".js"
"C:\Users\vahin\Documents\APP_VAHINI\web_app\public\favicon.svg","favicon.svg","9.3",".svg"
"C:\Users\vahin\Documents\APP_VAHINI\web_app\public\icons.svg","icons.svg","4.91",".svg"
"C:\Users\vahin\Documents\APP_VAHINI\web_app\public\pdf.worker.min.mjs","pdf.worker.min.mjs","1216.26",".mjs"
"C:\Users\vahin\Documents\APP_VAHINI\web_app\src\aiService.js","aiService.js","2.76",".js"
"C:\Users\vahin\Documents\APP_VAHINI\web_app\src\App.css","App.css","2.82",".css"
"C:\Users\vahin\Documents\APP_VAHINI\web_app\src\App.jsx","App.jsx","1.46",".jsx"
"C:\Users\vahin\Documents\APP_VAHINI\web_app\src\firebase.js","firebase.js","0.58",".js"
"C:\Users\vahin\Documents\APP_VAHINI\web_app\src\index.css","index.css","2.44",".css"
"C:\Users\vahin\Documents\APP_VAHINI\web_app\src\main.jsx","main.jsx","0.22",".jsx"
"C:\Users\vahin\Documents\APP_VAHINI\web_app\src\pdfService.js","pdfService.js","1.45",".js"
"C:\Users\vahin\Documents\APP_VAHINI\web_app\src\assets\hero.png","hero.png","12.75",".png"
"C:\Users\vahin\Documents\APP_VAHINI\web_app\src\assets\react.svg","react.svg","4.03",".svg"
"C:\Users\vahin\Documents\APP_VAHINI\web_app\src\assets\vite.svg","vite.svg","8.5",".svg"
"C:\Users\vahin\Documents\APP_VAHINI\web_app\src\components\Home.jsx","Home.jsx","9.5",".jsx"
"C:\Users\vahin\Documents\APP_VAHINI\web_app\src\components\Login.jsx","Login.jsx","4.33",".jsx"
"C:\Users\vahin\Documents\APP_VAHINI\web_app\src\components\Player.jsx","Player.jsx","5.36",".jsx"
"C:\Users\vahin\Documents\APP_VAHINI\web_app\src\components\Signup.jsx","Signup.jsx","5.47",".jsx"
"C:\Users\vahin\Documents\APP_VAHINI\windows\.gitignore",".gitignore","0.3",".gitignore"
"C:\Users\vahin\Documents\APP_VAHINI\windows\CMakeLists.txt","CMakeLists.txt","4.17",".txt"
"C:\Users\vahin\Documents\APP_VAHINI\windows\flutter\CMakeLists.txt","CMakeLists.txt","3.76",".txt"
"C:\Users\vahin\Documents\APP_VAHINI\windows\flutter\generated_plugins.cmake","generated_plugins.cmake","0.81",".cmake"
"C:\Users\vahin\Documents\APP_VAHINI\windows\flutter\generated_plugin_registrant.cc","generated_plugin_registrant.cc","0.97",".cc"
"C:\Users\vahin\Documents\APP_VAHINI\windows\flutter\generated_plugin_registrant.h","generated_plugin_registrant.h","0.29",".h"
"C:\Users\vahin\Documents\APP_VAHINI\windows\flutter\ephemeral\generated_config.cmake","generated_config.cmake","0.95",".cmake"
"C:\Users\vahin\Documents\APP_VAHINI\windows\runner\CMakeLists.txt","CMakeLists.txt","1.79",".txt"
"C:\Users\vahin\Documents\APP_VAHINI\windows\runner\flutter_window.cpp","flutter_window.cpp","2.14",".cpp"
"C:\Users\vahin\Documents\APP_VAHINI\windows\runner\flutter_window.h","flutter_window.h","0.94",".h"
"C:\Users\vahin\Documents\APP_VAHINI\windows\runner\main.cpp","main.cpp","1.28",".cpp"
"C:\Users\vahin\Documents\APP_VAHINI\windows\runner\resource.h","resource.h","0.44",".h"
"C:\Users\vahin\Documents\APP_VAHINI\windows\runner\runner.exe.manifest","runner.exe.manifest","0.6",".manifest"
"C:\Users\vahin\Documents\APP_VAHINI\windows\runner\Runner.rc","Runner.rc","3.11",".rc"
"C:\Users\vahin\Documents\APP_VAHINI\windows\runner\utils.cpp","utils.cpp","1.82",".cpp"
"C:\Users\vahin\Documents\APP_VAHINI\windows\runner\utils.h","utils.h","0.67",".h"
"C:\Users\vahin\Documents\APP_VAHINI\windows\runner\win32_window.cpp","win32_window.cpp","8.62",".cpp"
"C:\Users\vahin\Documents\APP_VAHINI\windows\runner\win32_window.h","win32_window.h","3.54",".h"
"C:\Users\vahin\Documents\APP_VAHINI\windows\runner\resources\app_icon.ico","app_icon.ico","32.98",".ico"
